Name,Type,Value,Is default,Description
ACTIVE_INSTANCE_COUNT,3,,true,NUMBER OF ACTIVE INSTANCES IN THE CLUSTER DATABASE
AQ_TM_PROCESSES,3,1,true,NUMBER OF AQ TIME MANAGERS TO START
ARCHIVE_LAG_TARGET,3,450,false,MAXIMUM NUMBER OF SECONDS OF REDOS THE STANDBY COULD LOSE
ASM_DISKGROUPS,2,,true,DISK GROUPS TO MOUNT AUTOMATICALLY
ASM_DISKSTRING,2,,true,DISK SET LOCATIONS FOR DISCOVERY
ASM_POWER_LIMIT,3,1,true,NUMBER OF PARALLEL RELOCATIONS FOR DISK REBALANCING
ASM_PREFERRED_READ_FAILURE_GROUPS,2,,true,PREFERRED READ FAILURE GROUPS
AUDIT_FILE_DEST,2,/ORA11G01/ADMIN/MATA03/ADUMP,false,DIRECTORY IN WHICH AUDITING FILES ARE TO RESIDE
AUDIT_SYS_OPERATIONS,1,FALSE,true,ENABLE SYS AUDITING
AUDIT_SYSLOG_LEVEL,2,,true,SYSLOG FACILITY AND LEVEL
AUDIT_TRAIL,2,NONE,true,ENABLE SYSTEM AUDITING
AWR_SNAPSHOT_TIME_OFFSET,3,0,true,SETTING FOR AWR SNAPSHOT TIME OFFSET
BACKGROUND_CORE_DUMP,2,PARTIAL,true,CORE SIZE FOR BACKGROUND PROCESSES
BACKGROUND_DUMP_DEST,2,/U01/APP/ORACLE/PRODUCT/11.2.0/DBHOME_1/LOG/DIAG/RDBMS/MATA08/MATA08/TRACE,true,DETACHED PROCESS DUMP DIRECTORY
BACKUP_TAPE_IO_SLAVES,1,FALSE,true,BACKUP TAPE I/O SLAVES
BITMAP_MERGE_AREA_SIZE,3,1048576,true,MAXIMUM MEMORY ALLOW FOR BITMAP MERGE
BLANK_TRIMMING,1,FALSE,true,BLANK TRIMMING SEMANTICS PARAMETER
BUFFER_POOL_KEEP,2,,true,NUMBER OF DATABASE BLOCKS/LATCHES IN KEEP BUFFER POOL
BUFFER_POOL_RECYCLE,2,,true,NUMBER OF DATABASE BLOCKS/LATCHES IN RECYCLE BUFFER POOL
CELL_OFFLOAD_COMPACTION,2,ADAPTIVE,true,CELL PACKET COMPACTION STRATEGY
CELL_OFFLOAD_DECRYPTION,1,TRUE,true,ENABLE SQL PROCESSING OFFLOAD OF ENCRYPTED DATA TO CELLS
CELL_OFFLOAD_PARAMETERS,2,,true,ADDITIONAL CELL OFFLOAD PARAMETERS
CELL_OFFLOAD_PLAN_DISPLAY,2,AUTO,true,CELL OFFLOAD EXPLAIN PLAN DISPLAY
CELL_OFFLOAD_PROCESSING,1,TRUE,true,ENABLE SQL PROCESSING OFFLOAD TO CELLS
CELL_OFFLOADGROUP_NAME,2,,true,SET THE OFFLOAD GROUP NAME
CIRCUITS,3,,true,MAX NUMBER OF CIRCUITS
CLIENT_RESULT_CACHE_LAG,6,3000,true,CLIENT RESULT CACHE MAXIMUM LAG IN MILLISECONDS
CLIENT_RESULT_CACHE_SIZE,6,0,true,CLIENT RESULT CACHE MAX SIZE IN BYTES
CLONEDB,1,FALSE,true,CLONE DATABASE
CLUSTER_DATABASE,1,FALSE,true,IF TRUE STARTUP IN CLUSTER DATABASE MODE
CLUSTER_DATABASE_INSTANCES,3,1,true,NUMBER OF INSTANCES TO USE FOR SIZING CLUSTER DB SGA STRUCTURES
CLUSTER_INTERCONNECTS,2,,true,INTERCONNECTS FOR RAC USE
COMMIT_LOGGING,2,,true,TRANSACTION COMMIT LOG WRITE BEHAVIOUR
COMMIT_POINT_STRENGTH,3,1,true,BIAS THIS NODE HAS TOWARD NOT PREPARING IN A TWO-PHASE COMMIT
COMMIT_WAIT,2,,true,TRANSACTION COMMIT LOG WAIT BEHAVIOUR
COMMIT_WRITE,2,,true,TRANSACTION COMMIT LOG WRITE BEHAVIOUR
COMPATIBLE,2,11.2.0.4,false,DATABASE WILL BE COMPLETELY COMPATIBLE WITH THIS SOFTWARE VERSION
CONTROL_FILE_RECORD_KEEP_TIME,3,7,true,CONTROL FILE RECORD KEEP TIME IN DAYS
CONTROL_FILES,2,"/ORA11G01/ORADATA/MATP08/CONTROL01.CTL, /ORA11G01/ORADATA/MATP08/CONTROL02.CTL, /ORA11G01/ORADATA/MATP08/CONTROL03.CTL",false,CONTROL FILE NAMES LIST
CONTROL_MANAGEMENT_PACK_ACCESS,2,NONE,true,DECLARES WHICH MANAGEABILITY PACKS ARE ENABLED
CORE_DUMP_DEST,2,/U01/APP/ORACLE/PRODUCT/11.2.0/DBHOME_1/LOG/DIAG/RDBMS/MATA08/MATA08/CDUMP,true,CORE DUMP DIRECTORY
CPU_COUNT,3,2,true,NUMBER OF CPUS FOR THIS INSTANCE
CREATE_BITMAP_AREA_SIZE,3,8388608,true,SIZE OF CREATE BITMAP BUFFER FOR BITMAP INDEX
CREATE_STORED_OUTLINES,2,,true,CREATE STORED OUTLINES FOR DML STATEMENTS
CURSOR_BIND_CAPTURE_DESTINATION,2,MEMORY+DISK,true,ALLOWED DESTINATION FOR CAPTURED BIND VARIABLES
CURSOR_SHARING,2,EXACT,true,CURSOR SHARING MODE
CURSOR_SPACE_FOR_TIME,1,FALSE,true,USE MORE MEMORY IN ORDER TO GET FASTER EXECUTION
DB_16K_CACHE_SIZE,6,0,true,SIZE OF CACHE FOR 16K BUFFERS
DB_2K_CACHE_SIZE,6,0,true,SIZE OF CACHE FOR 2K BUFFERS
DB_32K_CACHE_SIZE,6,0,true,SIZE OF CACHE FOR 32K BUFFERS
DB_4K_CACHE_SIZE,6,0,true,SIZE OF CACHE FOR 4K BUFFERS
DB_8K_CACHE_SIZE,6,0,true,SIZE OF CACHE FOR 8K BUFFERS
DB_BLOCK_BUFFERS,3,0,true,NUMBER OF DATABASE BLOCKS CACHED IN MEMORY
DB_BLOCK_CHECKING,2,FALSE,true,HEADER CHECKING AND DATA AND INDEX BLOCK CHECKING
DB_BLOCK_CHECKSUM,2,TYPICAL,true,STORE CHECKSUM IN DB BLOCKS AND CHECK DURING READS
DB_BLOCK_SIZE,3,8192,false,SIZE OF DATABASE BLOCK IN BYTES
DB_CACHE_ADVICE,2,ON,true,BUFFER CACHE SIZING ADVISORY
DB_CACHE_SIZE,6,0,true,SIZE OF DEFAULT BUFFER POOL FOR STANDARD BLOCK SIZE BUFFERS
DB_CREATE_FILE_DEST,2,,true,DEFAULT DATABASE LOCATION
DB_CREATE_ONLINE_LOG_DEST_1,2,,true,ONLINE LOG/CONTROLFILE DESTINATION #1
DB_CREATE_ONLINE_LOG_DEST_2,2,,true,ONLINE LOG/CONTROLFILE DESTINATION #2
DB_CREATE_ONLINE_LOG_DEST_3,2,,true,ONLINE LOG/CONTROLFILE DESTINATION #3
DB_CREATE_ONLINE_LOG_DEST_4,2,,true,ONLINE LOG/CONTROLFILE DESTINATION #4
DB_CREATE_ONLINE_LOG_DEST_5,2,,true,ONLINE LOG/CONTROLFILE  DESTINATION #5
DB_DOMAIN,2,,true,DIRECTORY PART OF GLOBAL DATABASE NAME STORED WITH CREATE DATABASE
DB_FILE_MULTIBLOCK_READ_COUNT,3,16,false,DB BLOCK TO BE READ EACH IO
DB_FILE_NAME_CONVERT,2,,true,DATAFILE NAME CONVERT PATTERNS AND STRINGS FOR STANDBY/CLONE DB
DB_FILES,3,200,true,MAX ALLOWABLE # DB FILES
DB_FLASH_CACHE_FILE,2,,true,FLASH CACHE FILE FOR DEFAULT BLOCK SIZE
DB_FLASH_CACHE_SIZE,6,0,true,FLASH CACHE SIZE FOR DB_FLASH_CACHE_FILE
DB_FLASHBACK_RETENTION_TARGET,3,1440,true,MAXIMUM FLASHBACK DATABASE LOG RETENTION TIME IN MINUTES.
DB_KEEP_CACHE_SIZE,6,0,true,SIZE OF KEEP BUFFER POOL FOR STANDARD BLOCK SIZE BUFFERS
DB_LOST_WRITE_PROTECT,2,NONE,true,ENABLE LOST WRITE DETECTION
DB_NAME,2,MATA08,false,DATABASE NAME SPECIFIED IN CREATE DATABASE
DB_RECOVERY_FILE_DEST,2,,true,DEFAULT DATABASE RECOVERY FILE LOCATION
DB_RECOVERY_FILE_DEST_SIZE,6,0,true,DATABASE RECOVERY FILES SIZE LIMIT
DB_RECYCLE_CACHE_SIZE,6,0,true,SIZE OF RECYCLE BUFFER POOL FOR STANDARD BLOCK SIZE BUFFERS
DB_SECUREFILE,2,PERMITTED,true,PERMIT SECUREFILE STORAGE DURING LOB CREATION
DB_ULTRA_SAFE,2,OFF,true,SETS DEFAULTS FOR OTHER PARAMETERS THAT CONTROL PROTECTION LEVELS
DB_UNIQUE_NAME,2,MATA08,true,DATABASE UNIQUE NAME
DB_UNRECOVERABLE_SCN_TRACKING,1,TRUE,true,TRACK NOLOGGING SCN IN CONTROLFILE
DB_WRITER_PROCESSES,3,1,true,NUMBER OF BACKGROUND DATABASE WRITER  PROCESSES TO START
DBWR_IO_SLAVES,3,0,true,DBWR I/O SLAVES
DDL_LOCK_TIMEOUT,3,0,true,TIMEOUT TO RESTRICT THE TIME THAT DDLS WAIT FOR DML LOCK
DEFERRED_SEGMENT_CREATION,1,TRUE,true,DEFER SEGMENT CREATION TO FIRST INSERT
DG_BROKER_CONFIG_FILE1,2,/U01/APP/ORACLE/PRODUCT/11.2.0/DBHOME_1/DBS/DR1MATA08.DAT,true,DATA GUARD BROKER CONFIGURATION FILE #1
DG_BROKER_CONFIG_FILE2,2,/U01/APP/ORACLE/PRODUCT/11.2.0/DBHOME_1/DBS/DR2MATA08.DAT,true,DATA GUARD BROKER CONFIGURATION FILE #2
DG_BROKER_START,1,FALSE,true,START DATA GUARD BROKER (DMON PROCESS)
DIAGNOSTIC_DEST,2,/U01/APP/ORACLE/PRODUCT/11.2.0/DBHOME_1/LOG,true,DIAGNOSTIC BASE DIRECTORY
DISK_ASYNCH_IO,1,TRUE,true,USE ASYNCH I/O FOR RANDOM ACCESS DEVICES
DISPATCHERS,2,,true,SPECIFICATIONS OF DISPATCHERS
DISTRIBUTED_LOCK_TIMEOUT,3,60,true,NUMBER OF SECONDS A DISTRIBUTED TRANSACTION WAITS FOR A LOCK
DML_LOCKS,3,11000,true,DML LOCKS - ONE FOR EACH TABLE MODIFIED IN A TRANSACTION
DNFS_BATCH_SIZE,3,4096,true,MAX NUMBER OF DNFS ASYNCH I/O REQUESTS QUEUED PER SESSION
DST_UPGRADE_INSERT_CONV,1,TRUE,true,ENABLES/DISABLES INTERNAL CONVERSIONS DURING DST UPGRADE
ENABLE_DDL_LOGGING,1,FALSE,true,ENABLE DDL LOGGING
ENABLE_GOLDENGATE_REPLICATION,1,FALSE,true,GOLDENGATE REPLICATION ENABLED
EVENT,2,,true,DEBUG EVENT CONTROL - DEFAULT NULL STRING
FAL_CLIENT,2,,true,FAL CLIENT
FAL_SERVER,2,,true,FAL SERVER LIST
FAST_START_IO_TARGET,3,0,true,UPPER BOUND ON RECOVERY READS
FAST_START_MTTR_TARGET,3,0,true,MTTR TARGET IN SECONDS
FAST_START_PARALLEL_ROLLBACK,2,LOW,true,MAX NUMBER OF PARALLEL RECOVERY SLAVES THAT MAY BE USED
FILE_MAPPING,1,FALSE,true,ENABLE FILE MAPPING
FILEIO_NETWORK_ADAPTERS,2,,true,NETWORK ADAPTERS FOR FILE I/O
FILESYSTEMIO_OPTIONS,2,NONE,true,IO OPERATIONS ON FILESYSTEM FILES
FIXED_DATE,2,,true,FIXED SYSDATE VALUE
GCS_SERVER_PROCESSES,3,0,true,NUMBER OF BACKGROUND GCS SERVER PROCESSES TO START
GLOBAL_CONTEXT_POOL_SIZE,2,,true,GLOBAL APPLICATION CONTEXT POOL SIZE IN BYTES
GLOBAL_NAMES,1,FALSE,true,ENFORCE THAT DATABASE LINKS HAVE SAME NAME AS REMOTE DATABASE
GLOBAL_TXN_PROCESSES,3,1,true,NUMBER OF BACKGROUND GLOBAL TRANSACTION PROCESSES TO START
HASH_AREA_SIZE,3,131072,true,SIZE OF IN-MEMORY HASH WORK AREA
HI_SHARED_MEMORY_ADDRESS,3,0,true,SGA STARTING ADDRESS (HIGH ORDER 32-BITS ON 64-BIT PLATFORMS)
HS_AUTOREGISTER,1,TRUE,true,ENABLE AUTOMATIC SERVER DD UPDATES IN HS AGENT SELF-REGISTRATION
IFILE,4,,true,INCLUDE FILE IN INIT.ORA
INSTANCE_GROUPS,2,,true,LIST OF INSTANCE GROUP NAMES
INSTANCE_NAME,2,MATA08,true,INSTANCE NAME SUPPORTED BY THE INSTANCE
INSTANCE_NUMBER,3,0,true,INSTANCE NUMBER
INSTANCE_TYPE,2,RDBMS,true,TYPE OF INSTANCE TO BE EXECUTED
INSTANT_RESTORE,1,FALSE,true,INSTANT REPOPULATION OF DATAFILES
JAVA_JIT_ENABLED,1,TRUE,true,JAVA VM JIT ENABLED
JAVA_MAX_SESSIONSPACE_SIZE,3,0,true,MAX ALLOWED SIZE IN BYTES OF A JAVA SESSIONSPACE
JAVA_POOL_SIZE,6,0,true,SIZE IN BYTES OF JAVA POOL
JAVA_RESTRICT,2,NONE,true,RESTRICT JAVA VM ACCESS
JAVA_SOFT_SESSIONSPACE_LIMIT,3,0,true,WARNING LIMIT ON SIZE IN BYTES OF A JAVA SESSIONSPACE
JOB_QUEUE_PROCESSES,3,1000,true,MAXIMUM NUMBER OF JOB QUEUE SLAVE PROCESSES
LARGE_POOL_SIZE,6,0,true,SIZE IN BYTES OF LARGE POOL
LDAP_DIRECTORY_ACCESS,2,NONE,true,RDBMS'S LDAP ACCESS OPTION
LDAP_DIRECTORY_SYSAUTH,2,,true,OID USAGE PARAMETER
LICENSE_MAX_SESSIONS,3,0,true,MAXIMUM NUMBER OF NON-SYSTEM USER SESSIONS ALLOWED
LICENSE_MAX_USERS,3,0,true,MAXIMUM NUMBER OF NAMED USERS THAT CAN BE CREATED IN THE DATABASE
LICENSE_SESSIONS_WARNING,3,0,true,WARNING LEVEL FOR NUMBER OF NON-SYSTEM USER SESSIONS
LISTENER_NETWORKS,2,,true,LISTENER REGISTRATION NETWORKS
LOCAL_LISTENER,2,,true,LOCAL LISTENER
LOCK_NAME_SPACE,2,,true,LOCK NAME SPACE USED FOR GENERATING LOCK NAMES FOR STANDBY/CLONE DATABASE
LOCK_SGA,1,FALSE,true,LOCK ENTIRE SGA IN PHYSICAL MEMORY
LOG_ARCHIVE_CONFIG,2,,true,LOG ARCHIVE CONFIG PARAMETER
LOG_ARCHIVE_DEST,2,,true,ARCHIVAL DESTINATION TEXT STRING
LOG_ARCHIVE_DEST_1,2,LOCATION=/ORA11G01/ADMIN/MATA08/ARCH,false,ARCHIVAL DESTINATION #1 TEXT STRING
LOG_ARCHIVE_DEST_10,2,,true,ARCHIVAL DESTINATION #10 TEXT STRING
LOG_ARCHIVE_DEST_11,2,,true,ARCHIVAL DESTINATION #11 TEXT STRING
LOG_ARCHIVE_DEST_12,2,,true,ARCHIVAL DESTINATION #12 TEXT STRING
LOG_ARCHIVE_DEST_13,2,,true,ARCHIVAL DESTINATION #13 TEXT STRING
LOG_ARCHIVE_DEST_14,2,,true,ARCHIVAL DESTINATION #14 TEXT STRING
LOG_ARCHIVE_DEST_15,2,,true,ARCHIVAL DESTINATION #15 TEXT STRING
LOG_ARCHIVE_DEST_16,2,,true,ARCHIVAL DESTINATION #16 TEXT STRING
LOG_ARCHIVE_DEST_17,2,,true,ARCHIVAL DESTINATION #17 TEXT STRING
LOG_ARCHIVE_DEST_18,2,,true,ARCHIVAL DESTINATION #18 TEXT STRING
LOG_ARCHIVE_DEST_19,2,,true,ARCHIVAL DESTINATION #19 TEXT STRING
LOG_ARCHIVE_DEST_2,2,,true,ARCHIVAL DESTINATION #2 TEXT STRING
LOG_ARCHIVE_DEST_20,2,,true,ARCHIVAL DESTINATION #20 TEXT STRING
LOG_ARCHIVE_DEST_21,2,,true,ARCHIVAL DESTINATION #21 TEXT STRING
LOG_ARCHIVE_DEST_22,2,,true,ARCHIVAL DESTINATION #22 TEXT STRING
LOG_ARCHIVE_DEST_23,2,,true,ARCHIVAL DESTINATION #23 TEXT STRING
LOG_ARCHIVE_DEST_24,2,,true,ARCHIVAL DESTINATION #24 TEXT STRING
LOG_ARCHIVE_DEST_25,2,,true,ARCHIVAL DESTINATION #25 TEXT STRING
LOG_ARCHIVE_DEST_26,2,,true,ARCHIVAL DESTINATION #26 TEXT STRING
LOG_ARCHIVE_DEST_27,2,,true,ARCHIVAL DESTINATION #27 TEXT STRING
LOG_ARCHIVE_DEST_28,2,,true,ARCHIVAL DESTINATION #28 TEXT STRING
LOG_ARCHIVE_DEST_29,2,,true,ARCHIVAL DESTINATION #29 TEXT STRING
LOG_ARCHIVE_DEST_3,2,,true,ARCHIVAL DESTINATION #3 TEXT STRING
LOG_ARCHIVE_DEST_30,2,,true,ARCHIVAL DESTINATION #30 TEXT STRING
LOG_ARCHIVE_DEST_31,2,,true,ARCHIVAL DESTINATION #31 TEXT STRING
LOG_ARCHIVE_DEST_4,2,,true,ARCHIVAL DESTINATION #4 TEXT STRING
LOG_ARCHIVE_DEST_5,2,,true,ARCHIVAL DESTINATION #5 TEXT STRING
LOG_ARCHIVE_DEST_6,2,,true,ARCHIVAL DESTINATION #6 TEXT STRING
LOG_ARCHIVE_DEST_7,2,,true,ARCHIVAL DESTINATION #7 TEXT STRING
LOG_ARCHIVE_DEST_8,2,,true,ARCHIVAL DESTINATION #8 TEXT STRING
LOG_ARCHIVE_DEST_9,2,,true,ARCHIVAL DESTINATION #9 TEXT STRING
LOG_ARCHIVE_DEST_STATE_1,2,ENABLE,false,ARCHIVAL DESTINATION #1 STATE TEXT STRING
LOG_ARCHIVE_DEST_STATE_10,2,ENABLE,true,ARCHIVAL DESTINATION #10 STATE TEXT STRING
LOG_ARCHIVE_DEST_STATE_11,2,ENABLE,true,ARCHIVAL DESTINATION #11 STATE TEXT STRING
LOG_ARCHIVE_DEST_STATE_12,2,ENABLE,true,ARCHIVAL DESTINATION #12 STATE TEXT STRING
LOG_ARCHIVE_DEST_STATE_13,2,ENABLE,true,ARCHIVAL DESTINATION #13 STATE TEXT STRING
LOG_ARCHIVE_DEST_STATE_14,2,ENABLE,true,ARCHIVAL DESTINATION #14 STATE TEXT STRING
LOG_ARCHIVE_DEST_STATE_15,2,ENABLE,true,ARCHIVAL DESTINATION #15 STATE TEXT STRING
LOG_ARCHIVE_DEST_STATE_16,2,ENABLE,true,ARCHIVAL DESTINATION #16 STATE TEXT STRING
LOG_ARCHIVE_DEST_STATE_17,2,ENABLE,true,ARCHIVAL DESTINATION #17 STATE TEXT STRING
LOG_ARCHIVE_DEST_STATE_18,2,ENABLE,true,ARCHIVAL DESTINATION #18 STATE TEXT STRING
LOG_ARCHIVE_DEST_STATE_19,2,ENABLE,true,ARCHIVAL DESTINATION #19 STATE TEXT STRING
LOG_ARCHIVE_DEST_STATE_2,2,ENABLE,true,ARCHIVAL DESTINATION #2 STATE TEXT STRING
LOG_ARCHIVE_DEST_STATE_20,2,ENABLE,true,ARCHIVAL DESTINATION #20 STATE TEXT STRING
LOG_ARCHIVE_DEST_STATE_21,2,ENABLE,true,ARCHIVAL DESTINATION #21 STATE TEXT STRING
LOG_ARCHIVE_DEST_STATE_22,2,ENABLE,true,ARCHIVAL DESTINATION #22 STATE TEXT STRING
LOG_ARCHIVE_DEST_STATE_23,2,ENABLE,true,ARCHIVAL DESTINATION #23 STATE TEXT STRING
LOG_ARCHIVE_DEST_STATE_24,2,ENABLE,true,ARCHIVAL DESTINATION #24 STATE TEXT STRING
LOG_ARCHIVE_DEST_STATE_25,2,ENABLE,true,ARCHIVAL DESTINATION #25 STATE TEXT STRING
LOG_ARCHIVE_DEST_STATE_26,2,ENABLE,true,ARCHIVAL DESTINATION #26 STATE TEXT STRING
LOG_ARCHIVE_DEST_STATE_27,2,ENABLE,true,ARCHIVAL DESTINATION #27 STATE TEXT STRING
LOG_ARCHIVE_DEST_STATE_28,2,ENABLE,true,ARCHIVAL DESTINATION #28 STATE TEXT STRING
LOG_ARCHIVE_DEST_STATE_29,2,ENABLE,true,ARCHIVAL DESTINATION #29 STATE TEXT STRING
LOG_ARCHIVE_DEST_STATE_3,2,ENABLE,true,ARCHIVAL DESTINATION #3 STATE TEXT STRING
LOG_ARCHIVE_DEST_STATE_30,2,ENABLE,true,ARCHIVAL DESTINATION #30 STATE TEXT STRING
LOG_ARCHIVE_DEST_STATE_31,2,ENABLE,true,ARCHIVAL DESTINATION #31 STATE TEXT STRING
LOG_ARCHIVE_DEST_STATE_4,2,ENABLE,true,ARCHIVAL DESTINATION #4 STATE TEXT STRING
LOG_ARCHIVE_DEST_STATE_5,2,ENABLE,true,ARCHIVAL DESTINATION #5 STATE TEXT STRING
LOG_ARCHIVE_DEST_STATE_6,2,ENABLE,true,ARCHIVAL DESTINATION #6 STATE TEXT STRING
LOG_ARCHIVE_DEST_STATE_7,2,ENABLE,true,ARCHIVAL DESTINATION #7 STATE TEXT STRING
LOG_ARCHIVE_DEST_STATE_8,2,ENABLE,true,ARCHIVAL DESTINATION #8 STATE TEXT STRING
LOG_ARCHIVE_DEST_STATE_9,2,ENABLE,true,ARCHIVAL DESTINATION #9 STATE TEXT STRING
LOG_ARCHIVE_DUPLEX_DEST,2,,true,DUPLEX ARCHIVAL DESTINATION TEXT STRING
LOG_ARCHIVE_FORMAT,2,MATA08_%T_%S_%R.ARC,false,ARCHIVAL DESTINATION FORMAT
LOG_ARCHIVE_LOCAL_FIRST,1,TRUE,true,ESTABLISH EXPEDITE ATTRIBUTE DEFAULT VALUE
LOG_ARCHIVE_MAX_PROCESSES,3,4,true,MAXIMUM NUMBER OF ACTIVE ARCH PROCESSES
LOG_ARCHIVE_MIN_SUCCEED_DEST,3,1,true,MINIMUM NUMBER OF ARCHIVE DESTINATIONS THAT MUST SUCCEED
LOG_ARCHIVE_START,1,FALSE,true,START ARCHIVAL PROCESS ON SGA INITIALIZATION
LOG_ARCHIVE_TRACE,3,0,true,ESTABLISH ARCHIVELOG OPERATION TRACING LEVEL
LOG_BUFFER,3,6979584,true,REDO CIRCULAR BUFFER SIZE
LOG_CHECKPOINT_INTERVAL,3,0,true,# REDO BLOCKS CHECKPOINT THRESHOLD
LOG_CHECKPOINT_TIMEOUT,3,1800,true,MAXIMUM TIME INTERVAL BETWEEN CHECKPOINTS IN SECONDS
LOG_CHECKPOINTS_TO_ALERT,1,FALSE,true,LOG CHECKPOINT BEGIN/END TO ALERT FILE
LOG_FILE_NAME_CONVERT,2,,true,LOGFILE NAME CONVERT PATTERNS AND STRINGS FOR STANDBY/CLONE DB
MAX_DISPATCHERS,3,,true,MAX NUMBER OF DISPATCHERS
MAX_DUMP_FILE_SIZE,2,UNLIMITED,true,MAXIMUM SIZE (IN BYTES) OF DUMP FILE
MAX_ENABLED_ROLES,3,150,true,MAX NUMBER OF ROLES A USER CAN HAVE ENABLED
MAX_SHARED_SERVERS,3,,true,MAX NUMBER OF SHARED SERVERS
MEMORY_MAX_TARGET,6,0,true,MAX SIZE FOR MEMORY TARGET
MEMORY_TARGET,6,0,true,TARGET SIZE OF ORACLE SGA AND PGA MEMORY
NLS_CALENDAR,2,,true,NLS CALENDAR SYSTEM NAME
NLS_COMP,2,BINARY,true,NLS COMPARISON
NLS_CURRENCY,2,,true,NLS LOCAL CURRENCY SYMBOL
NLS_DATE_FORMAT,2,,true,NLS ORACLE DATE FORMAT
NLS_DATE_LANGUAGE,2,,true,NLS DATE LANGUAGE NAME
NLS_DUAL_CURRENCY,2,,true,DUAL CURRENCY SYMBOL
NLS_ISO_CURRENCY,2,,true,NLS ISO CURRENCY TERRITORY NAME
NLS_LANGUAGE,2,AMERICAN,true,NLS LANGUAGE NAME
NLS_LENGTH_SEMANTICS,2,BYTE,true,CREATE COLUMNS USING BYTE OR CHAR SEMANTICS BY DEFAULT
NLS_NCHAR_CONV_EXCP,2,FALSE,true,NLS RAISE AN EXCEPTION INSTEAD OF ALLOWING IMPLICIT CONVERSION
NLS_NUMERIC_CHARACTERS,2,,true,NLS NUMERIC CHARACTERS
NLS_SORT,2,,true,NLS LINGUISTIC DEFINITION NAME
NLS_TERRITORY,2,AMERICA,true,NLS TERRITORY NAME
NLS_TIME_FORMAT,2,,true,TIME FORMAT
NLS_TIME_TZ_FORMAT,2,,true,TIME WITH TIMEZONE FORMAT
NLS_TIMESTAMP_FORMAT,2,,true,TIME STAMP FORMAT
NLS_TIMESTAMP_TZ_FORMAT,2,,true,TIMESTAMP WITH TIMEZONE FORMAT
O7_DICTIONARY_ACCESSIBILITY,1,FALSE,true,VERSION 7 DICTIONARY ACCESSIBILITY SUPPORT
OBJECT_CACHE_MAX_SIZE_PERCENT,3,10,true,PERCENTAGE OF MAXIMUM SIZE OVER OPTIMAL OF THE USER SESSION'S OBJECT CACHE
OBJECT_CACHE_OPTIMAL_SIZE,3,102400,true,OPTIMAL SIZE OF THE USER SESSION'S OBJECT CACHE IN BYTES
OLAP_PAGE_POOL_SIZE,6,0,true,SIZE OF THE OLAP PAGE POOL IN BYTES
OPEN_CURSORS,3,600,false,MAX # CURSORS PER SESSION
OPEN_LINKS,3,4,true,MAX # OPEN LINKS PER SESSION
OPEN_LINKS_PER_INSTANCE,3,4,true,MAX # OPEN LINKS PER INSTANCE
OPTIMIZER_CAPTURE_SQL_PLAN_BASELINES,1,FALSE,true,AUTOMATIC CAPTURE OF SQL PLAN BASELINES FOR REPEATABLE STATEMENTS
OPTIMIZER_DYNAMIC_SAMPLING,3,2,true,OPTIMIZER DYNAMIC SAMPLING
OPTIMIZER_FEATURES_ENABLE,2,11.2.0.4,true,OPTIMIZER PLAN COMPATIBILITY PARAMETER
OPTIMIZER_INDEX_CACHING,3,0,true,OPTIMIZER PERCENT INDEX CACHING
OPTIMIZER_INDEX_COST_ADJ,3,100,true,OPTIMIZER INDEX COST ADJUSTMENT
OPTIMIZER_MODE,2,ALL_ROWS,true,OPTIMIZER MODE
OPTIMIZER_SECURE_VIEW_MERGING,1,TRUE,true,OPTIMIZER SECURE VIEW MERGING AND PREDICATE PUSHDOWN/MOVEAROUND
OPTIMIZER_USE_INVISIBLE_INDEXES,1,FALSE,true,USAGE OF INVISIBLE INDEXES (TRUE/FALSE)
OPTIMIZER_USE_PENDING_STATISTICS,1,FALSE,true,CONTROL WHETHER TO USE OPTIMIZER PENDING STATISTICS
OPTIMIZER_USE_SQL_PLAN_BASELINES,1,TRUE,true,USE OF SQL PLAN BASELINES FOR CAPTURED SQL STATEMENTS
OS_AUTHENT_PREFIX,2,OPS$,true,PREFIX FOR AUTO-LOGON ACCOUNTS
OS_ROLES,1,FALSE,true,RETRIEVE ROLES FROM THE OPERATING SYSTEM
PARALLEL_ADAPTIVE_MULTI_USER,1,TRUE,true,ENABLE ADAPTIVE SETTING OF DEGREE FOR MULTIPLE USER STREAMS
PARALLEL_AUTOMATIC_TUNING,1,FALSE,true,ENABLE INTELLIGENT DEFAULTS FOR PARALLEL EXECUTION PARAMETERS
PARALLEL_DEGREE_LIMIT,2,CPU,true,LIMIT PLACED ON DEGREE OF PARALLELISM
PARALLEL_DEGREE_POLICY,2,MANUAL,true,POLICY USED TO COMPUTE THE DEGREE OF PARALLELISM (MANUAL/LIMITED/AUTO)
PARALLEL_EXECUTION_MESSAGE_SIZE,3,16384,true,MESSAGE BUFFER SIZE FOR PARALLEL EXECUTION
PARALLEL_FORCE_LOCAL,1,FALSE,true,FORCE SINGLE INSTANCE EXECUTION
PARALLEL_INSTANCE_GROUP,2,,true,INSTANCE GROUP TO USE FOR ALL PARALLEL OPERATIONS
PARALLEL_IO_CAP_ENABLED,1,FALSE,true,ENABLE CAPPING DOP BY IO BANDWIDTH
PARALLEL_MAX_SERVERS,3,0,true,MAXIMUM PARALLEL QUERY SERVERS PER INSTANCE
PARALLEL_MIN_PERCENT,3,0,true,MINIMUM PERCENT OF THREADS REQUIRED FOR PARALLEL QUERY
PARALLEL_MIN_SERVERS,3,0,true,MINIMUM PARALLEL QUERY SERVERS PER INSTANCE
PARALLEL_MIN_TIME_THRESHOLD,2,AUTO,true,THRESHOLD ABOVE WHICH A PLAN IS A CANDIDATE FOR PARALLELIZATION (IN SECONDS)
PARALLEL_SERVER,1,FALSE,true,IF TRUE STARTUP IN PARALLEL SERVER MODE
PARALLEL_SERVER_INSTANCES,3,1,true,NUMBER OF INSTANCES TO USE FOR SIZING OPS SGA STRUCTURES
PARALLEL_SERVERS_TARGET,3,32,true,INSTANCE TARGET IN TERMS OF NUMBER OF PARALLEL SERVERS
PARALLEL_THREADS_PER_CPU,3,2,true,NUMBER OF PARALLEL EXECUTION THREADS PER CPU
PERMIT_92_WRAP_FORMAT,1,TRUE,true,ALLOW 9.2 OR OLDER WRAP FORMAT IN PL/SQL
PGA_AGGREGATE_TARGET,6,1572864000,false,TARGET SIZE FOR THE AGGREGATE PGA MEMORY CONSUMED BY THE INSTANCE
PLSCOPE_SETTINGS,2,IDENTIFIERS:NONE,true,"PLSCOPE_SETTINGS CONTROLS THE COMPILE TIME COLLECTION, CROSS REFERENCE, AND STORAGE OF PL/SQL SOURCE CODE IDENTIFIER DATA"
PLSQL_CCFLAGS,2,,true,PL/SQL CCFLAGS
PLSQL_CODE_TYPE,2,INTERPRETED,true,PL/SQL CODE-TYPE
PLSQL_DEBUG,1,FALSE,true,PL/SQL DEBUG
PLSQL_OPTIMIZE_LEVEL,3,2,true,PL/SQL OPTIMIZE LEVEL
PLSQL_V2_COMPATIBILITY,1,FALSE,true,PL/SQL VERSION 2.X COMPATIBILITY FLAG
PLSQL_WARNINGS,2,DISABLE:ALL,true,PL/SQL COMPILER WARNINGS SETTINGS
PRE_PAGE_SGA,1,FALSE,true,PRE-PAGE SGA FOR PROCESS
PROCESSES,3,1650,false,USER PROCESSES
PROCESSOR_GROUP_NAME,2,,true,NAME OF THE PROCESSOR GROUP THAT THIS INSTANCE SHOULD RUN IN.
QUERY_REWRITE_ENABLED,2,TRUE,true,ALLOW REWRITE OF QUERIES USING MATERIALIZED VIEWS IF ENABLED
QUERY_REWRITE_INTEGRITY,2,ENFORCED,true,PERFORM REWRITE USING MATERIALIZED VIEWS WITH DESIRED INTEGRITY
RDBMS_SERVER_DN,2,,true,RDBMS'S DISTINGUISHED NAME
READ_ONLY_OPEN_DELAYED,1,FALSE,true,IF TRUE DELAY OPENING OF READ ONLY FILES UNTIL FIRST ACCESS
RECOVERY_PARALLELISM,3,0,true,NUMBER OF SERVER PROCESSES TO USE FOR PARALLEL RECOVERY
RECYCLEBIN,2,ON,true,RECYCLEBIN PROCESSING
REDO_TRANSPORT_USER,2,,true,DATA GUARD TRANSPORT USER WHEN USING PASSWORD FILE
REMOTE_DEPENDENCIES_MODE,2,TIMESTAMP,true,REMOTE-PROCEDURE-CALL DEPENDENCIES MODE PARAMETER
REMOTE_LISTENER,2,,true,REMOTE LISTENER
REMOTE_LOGIN_PASSWORDFILE,2,EXCLUSIVE,false,PASSWORD FILE USAGE PARAMETER
REMOTE_OS_AUTHENT,1,FALSE,true,ALLOW NON-SECURE REMOTE CLIENTS TO USE AUTO-LOGON ACCOUNTS
REMOTE_OS_ROLES,1,FALSE,true,ALLOW NON-SECURE REMOTE CLIENTS TO USE OS ROLES
REPLICATION_DEPENDENCY_TRACKING,1,TRUE,true,TRACKING DEPENDENCY FOR REPLICATION PARALLEL PROPAGATION
RESOURCE_LIMIT,1,FALSE,true,MASTER SWITCH FOR RESOURCE LIMIT
RESOURCE_MANAGER_CPU_ALLOCATION,3,2,true,RESOURCE MANAGER CPU ALLOCATION
RESOURCE_MANAGER_PLAN,2,,true,RESOURCE MGR TOP PLAN
RESULT_CACHE_MAX_RESULT,3,5,true,MAXIMUM RESULT SIZE AS PERCENT OF CACHE SIZE
RESULT_CACHE_MAX_SIZE,6,0,true,MAXIMUM AMOUNT OF MEMORY TO BE USED BY THE CACHE
RESULT_CACHE_MODE,2,MANUAL,true,RESULT CACHE OPERATOR USAGE MODE
RESULT_CACHE_REMOTE_EXPIRATION,3,0,true,MAXIMUM LIFE TIME (MIN) FOR ANY RESULT USING A REMOTE OBJECT
RESUMABLE_TIMEOUT,3,0,true,SET RESUMABLE_TIMEOUT
ROLLBACK_SEGMENTS,2,,true,UNDO SEGMENT LIST
SEC_CASE_SENSITIVE_LOGON,1,TRUE,true,CASE SENSITIVE PASSWORD ENABLED FOR LOGON
SEC_MAX_FAILED_LOGIN_ATTEMPTS,3,10,true,MAXIMUM NUMBER OF FAILED LOGIN ATTEMPTS ON A CONNECTION
SEC_PROTOCOL_ERROR_FURTHER_ACTION,2,CONTINUE,true,TTC PROTOCOL ERROR CONTINUE ACTION
SEC_PROTOCOL_ERROR_TRACE_ACTION,2,TRACE,true,TTC PROTOCOL ERROR ACTION
SEC_RETURN_SERVER_RELEASE_BANNER,1,FALSE,true,WHETHER THE SERVER RETRUNS THE COMPLETE VERSION INFORMATION
SERIAL_REUSE,2,DISABLE,true,REUSE THE FRAME SEGMENTS
SERVICE_NAMES,2,MATA08,true,SERVICE NAMES SUPPORTED BY THE INSTANCE
SESSION_CACHED_CURSORS,3,50,true,NUMBER OF CURSORS TO CACHE IN A SESSION.
SESSION_MAX_OPEN_FILES,3,10,true,MAXIMUM NUMBER OF OPEN FILES ALLOWED PER SESSION
SESSIONS,3,2500,false,USER AND SYSTEM SESSIONS
SGA_MAX_SIZE,6,12884901888,false,MAX TOTAL SGA SIZE
SGA_TARGET,6,9663676416,false,TARGET SIZE OF SGA
SHADOW_CORE_DUMP,2,PARTIAL,true,CORE SIZE FOR SHADOW PROCESSES
SHARED_MEMORY_ADDRESS,3,0,true,SGA STARTING ADDRESS (LOW ORDER 32-BITS ON 64-BIT PLATFORMS)
SHARED_POOL_RESERVED_SIZE,6,72142028,true,SIZE IN BYTES OF RESERVED AREA OF SHARED POOL
SHARED_POOL_SIZE,6,0,true,SIZE IN BYTES OF SHARED POOL
SHARED_SERVER_SESSIONS,3,,true,MAX NUMBER OF SHARED SERVER SESSIONS
SHARED_SERVERS,3,0,true,NUMBER OF SHARED SERVERS TO START UP
SKIP_UNUSABLE_INDEXES,1,TRUE,true,SKIP UNUSABLE INDEXES IF SET TO TRUE
SMTP_OUT_SERVER,2,,true,UTL_SMTP SERVER AND PORT CONFIGURATION PARAMETER
SORT_AREA_RETAINED_SIZE,3,0,true,SIZE OF IN-MEMORY SORT WORK AREA RETAINED BETWEEN FETCH CALLS
SORT_AREA_SIZE,3,65536,true,SIZE OF IN-MEMORY SORT WORK AREA
SPFILE,2,,true,SERVER PARAMETER FILE
SQL92_SECURITY,1,FALSE,true,REQUIRE SELECT PRIVILEGE FOR SEARCHED UPDATE/DELETE
SQL_TRACE,1,FALSE,true,ENABLE SQL TRACE
SQLTUNE_CATEGORY,2,DEFAULT,true,CATEGORY QUALIFIER FOR APPLYING HINTSETS
STANDBY_ARCHIVE_DEST,2,?/DBS/ARCH,true,STANDBY DATABASE ARCHIVELOG DESTINATION TEXT STRING
STANDBY_FILE_MANAGEMENT,2,MANUAL,true,IF AUTO THEN FILES ARE CREATED/DROPPED AUTOMATICALLY ON STANDBY
STAR_TRANSFORMATION_ENABLED,2,FALSE,true,ENABLE THE USE OF STAR TRANSFORMATION
STATISTICS_LEVEL,2,TYPICAL,true,STATISTICS LEVEL
STREAMS_POOL_SIZE,6,0,true,SIZE IN BYTES OF THE STREAMS POOL
TAPE_ASYNCH_IO,1,TRUE,true,USE ASYNCH I/O REQUESTS FOR TAPE DEVICES
THREAD,3,0,true,REDO THREAD TO MOUNT
TIMED_OS_STATISTICS,3,0,true,INTERNAL OS STATISTIC GATHERING INTERVAL IN SECONDS
TIMED_STATISTICS,1,TRUE,true,MAINTAIN INTERNAL TIMING STATISTICS
TRACE_ENABLED,1,TRUE,true,ENABLE IN MEMORY TRACING
TRACEFILE_IDENTIFIER,2,,true,TRACE FILE CUSTOM IDENTIFIER
TRANSACTIONS,3,2750,true,MAX. NUMBER OF CONCURRENT ACTIVE TRANSACTIONS
TRANSACTIONS_PER_ROLLBACK_SEGMENT,3,5,true,NUMBER OF ACTIVE TRANSACTIONS PER ROLLBACK SEGMENT
UNDO_MANAGEMENT,2,AUTO,false,"INSTANCE RUNS IN SMU MODE IF TRUE, ELSE IN RBU MODE"
UNDO_RETENTION,3,900,true,UNDO RETENTION IN SECONDS
UNDO_TABLESPACE,2,UNDOTBS1,false,USE/SWITCH UNDO TABLESPACE
USE_INDIRECT_DATA_BUFFERS,1,FALSE,true,ENABLE INDIRECT DATA BUFFERS (VERY LARGE SGA ON 32-BIT PLATFORMS)
USE_LARGE_PAGES,2,TRUE,true,USE LARGE PAGES IF AVAILABLE (TRUE/FALSE/ONLY)
USER_DUMP_DEST,2,/U01/APP/ORACLE/PRODUCT/11.2.0/DBHOME_1/LOG/DIAG/RDBMS/MATA08/MATA08/TRACE,true,USER PROCESS DUMP DIRECTORY
UTL_FILE_DIR,2,,true,UTL_FILE ACCESSIBLE DIRECTORIES LIST
WORKAREA_SIZE_POLICY,2,AUTO,true,POLICY USED TO SIZE SQL WORKING AREAS (MANUAL/AUTO)
XML_DB_EVENTS,2,ENABLE,true,ARE XML DB EVENTS ENABLED
